id,book_id,content,created_at,updated_at
1c7f5ae1-1a3d-4d9b-af7d-a28abf8c3dad,5d9f180e-c4c6-474c-9e1e-3b816658b28a,"Once upon a time, there existed a beautiful kingdom surrounded by majestic mountains and crystal-clear rivers. The people of the kingdom lived peacefully under the rule of a wise and compassionate king. Every morning, the streets came alive with merchants, children, musicians, and travelers from distant lands.

The royal library was the pride of the kingdom. It contained thousands of books filled with stories of heroes, magical creatures, ancient civilizations, and forgotten treasures. Young students spent hours reading and learning from the old manuscripts. The librarians believed that knowledge was the greatest treasure a person could possess.

One day, a curious young boy discovered an old map hidden inside a dusty book. The map pointed toward a mysterious forest that no one had entered for centuries. Legends said that anyone who reached the heart of the forest would discover a source of unlimited wisdom.

The boy decided to begin his journey. Along the way, he met a brave knight, a clever merchant, and an elderly woman who knew many secrets about the kingdom. Together they faced dangerous paths, solved ancient riddles, crossed rivers, climbed mountains, and learned valuable lessons about courage, friendship, honesty, and sacrifice.

As they reached the hidden temple deep within the forest, they realized that the greatest treasure was not gold or jewels but the knowledge they had gained during their adventure. They returned to the kingdom and shared their discoveries with everyone, ensuring that future generations would continue to learn and grow through books and education.",2026-06-30 16:56:38.154318,2026-06-30 16:56:38.154318
f4ef71b3-1688-4672-81a1-25aa260bccb6,7234be8e-cb4f-4638-8ef7-b60edff32cb3,"It was a bright cold morning when the city slowly awakened under a gray sky. The streets were quiet except for the sound of distant footsteps and the occasional whistle of the morning train. People hurried to their workplaces while avoiding unnecessary conversations. Every building looked identical, and every public square displayed large screens broadcasting official announcements throughout the day.

Among the crowded streets lived a young journalist named Ethan. He loved asking questions, reading old newspapers, and collecting forgotten stories from the past. While exploring an abandoned library, he discovered a hidden room containing journals written decades earlier. The journals described a society where people freely expressed their thoughts, debated ideas, and celebrated creativity without fear.

Curious to learn more, Ethan began comparing those stories with the world around him. He noticed that many historical records had disappeared and that official reports often contradicted eyewitness accounts. The more he investigated, the more determined he became to uncover the truth.

One evening he met an elderly historian who warned him that knowledge was powerful but dangerous. The historian explained that history could be rewritten, but memories survived in people who were willing to preserve them. Ethan carefully copied important passages from the journals and shared them with trusted friends.

As the weeks passed, more citizens became interested in the forgotten stories. Secret reading groups formed across the city, where people discussed freedom, justice, education, and independent thinking. They believed that a society grows stronger when people ask questions instead of accepting everything without examination.

Although the journey was filled with uncertainty, Ethan realized that the search for truth required courage, patience, and wisdom. He continued documenting real events so that future generations would inherit accurate knowledge instead of rewritten history.",2026-06-30 16:57:16.716638,2026-06-30 16:57:16.716638
3bffab18-b3d6-44c6-acab-5d16122ed9ae,25181638-cc6a-4139-8ac2-bda3c6a7eab4,"Every successful software project begins with well-organized and understandable code. A professional developer writes programs not only for computers but also for other developers who will maintain the application in the future. Clean code improves collaboration, reduces bugs, and makes debugging significantly easier.

A software engineer named Alex joined a company where the existing application contained thousands of lines of poorly written code. Variable names were confusing, functions performed multiple responsibilities, and duplicate logic appeared throughout the project. New developers found it difficult to understand how different modules interacted with one another.

Alex decided to gradually improve the codebase rather than rewriting everything at once. He introduced meaningful variable names, extracted reusable functions, followed the single responsibility principle, and removed unnecessary complexity. Every improvement made the application easier to maintain and simpler to extend.

The engineering team also adopted code reviews. During every review, developers discussed software architecture, naming conventions, performance optimization, and design patterns. These discussions helped junior developers learn best practices while ensuring consistent coding standards across the project.

Automated testing became another important part of development. Unit tests verified small pieces of functionality, integration tests validated communication between modules, and regression tests prevented previously fixed bugs from returning. Continuous integration automatically executed these tests whenever new code was submitted.

After several months, the application became faster, easier to understand, and significantly more reliable. The team discovered that writing clean code required discipline, communication, and continuous learning rather than shortcuts. They realized that readable code saves countless hours of debugging and maintenance throughout the lifetime of a software system.",2026-06-30 16:57:58.530851,2026-06-30 16:57:58.530851
a8914a9a-0420-4ab7-a4b4-e0694545a9ee,250e2161-cf99-46a2-b9a9-856d8d94e4a1,"Success is rarely the result of one extraordinary event. Instead, it is built through small daily habits that gradually transform a persons life. Tiny improvements repeated consistently over weeks, months, and years create remarkable long-term results.

Sophia wanted to improve her health, productivity, and confidence. Rather than setting unrealistic goals, she focused on making one small improvement every day. She started reading ten pages each morning, exercising for twenty minutes, drinking more water, and maintaining a journal before bedtime.

At first the progress seemed almost invisible. However, after several months those simple routines became automatic. Reading expanded her knowledge, exercise increased her energy, and journaling helped her reflect on both successes and failures. These habits reinforced one another and created positive momentum.

Her mentor explained that environment often influences behavior more than motivation. Books were placed on the desk, healthy food remained easily accessible, and distracting notifications were disabled during work hours. By designing an environment that supported good decisions, maintaining productive habits became much easier.

Whenever Sophia missed a routine, she followed one important rule: never miss twice. She understood that perfection was impossible, but consistency produced lasting change. Every small action represented a vote for the person she wanted to become.

Years later, people admired her achievements without realizing that they were built through thousands of ordinary decisions made every single day. Success was not created overnight but through patience, discipline, consistency, and continuous improvement.",2026-06-30 16:58:12.251045,2026-06-30 16:58:12.251045
8b8a99f5-e0d4-439d-a63e-19dd07c801a7,01ce6497-fe04-4dea-a2da-0ff666845045,"In a peaceful valley surrounded by rolling hills lived a humble traveler who dreamed of exploring distant lands. His quiet village had remained unchanged for generations, but stories brought by wandering merchants filled his imagination with curiosity and excitement.

One autumn morning an old explorer arrived carrying an ancient map covered with mysterious symbols. The map revealed the location of a forgotten mountain where a legendary treasure was believed to be hidden. Many adventurers had attempted the journey, but none had returned with convincing evidence.

The traveler decided to join a small expedition consisting of experienced guides, skilled climbers, historians, and navigators. Their path crossed dense forests, frozen rivers, abandoned castles, and dangerous mountain passes. Along the journey they encountered unexpected challenges that required teamwork, patience, and careful planning.

Inside a hidden cave they discovered walls covered with ancient inscriptions describing a civilization that valued wisdom above wealth. Instead of collecting gold, the explorers spent days documenting historical artifacts and preserving valuable knowledge for future generations.

As they reached the summit, they realized that the greatest reward was not the treasure itself but the friendships they had formed, the lessons they had learned, and the confidence they had gained throughout the expedition.

When the group returned home, they established a museum and library where their discoveries inspired young students, historians, and future explorers. The story became a reminder that true adventure begins with curiosity, courage, and a willingness to learn from every journey.",2026-06-30 16:58:21.998535,2026-06-30 16:58:21.998535
